fb316c6	dev	2026-10-09 23:41 UTC	Faster shoves, and no diagonal-looking displacement
e4e559b	dev	2026-10-09 21:54 UTC	Stun on landing, new stun effect, retarget after stuns
f9219d3	dev	2026-10-09 21:47 UTC	Fix diagonal tilt direction for front-facing sprites
82dceda	dev	2026-10-09 21:36 UTC	Displacement rule for Pokémon launched onto an occupied square
2e65e53	dev	2026-10-09 20:37 UTC	Tilt sprites toward diagonal targets
c605f62	stable	2026-10-09 16:28 UTC	Phones: Pokémon info as a pop-up; board resizes smoothly
c979235	dev	2026-10-09 15:48 UTC	Clean up the UI: menu, responsive layout, refreshed look, livelier motion
744e458	dev	2026-10-09 13:01 UTC	Show the opponent's last-round lineup while planning
b085413	dev	2026-10-08 22:52 UTC	Each step takes the unit's whole move time
4e7d6ca	dev	2026-10-08 22:48 UTC	Psywave crosses the whole board
764bf9a	dev	2026-10-08 22:42 UTC	Power tweaks: Vespiquen every 7 attacks, Combee stats, fresh start each fight
b7dee24	dev	2026-10-08 22:20 UTC	Add Combee's sprite
9b1cd34	dev	2026-10-08 22:15 UTC	Give every Pokémon a power from the power sheet
4d013b2	dev	2026-10-08 21:17 UTC	Apply round 2 stats from the stat sheet
587f64a	dev	2026-10-08 21:10 UTC	Remove leaders: pick 6 Pokémon, start with an empty board; new stat model
6eb1d69	dev	2026-10-08 19:48 UTC	Troops move 1 tile per 0.5s; add a Pokédex
cfa20aa	dev	2026-10-08 14:59 UTC	Units path around blockers to reach an enemy instead of standing still
598d6a8	dev	2026-10-08 09:14 UTC	Polish combat animation: hops, idle, and attack-specific moves
92442f1	dev	2026-10-08 08:50 UTC	Remove the troop limit; one of each troop on the field, duplicates level up
0208ff5	dev	2026-10-08 08:48 UTC	Sudden death after the 30-second timer
8bbc713	dev	2026-10-08 08:40 UTC	New economy: coins from battles, limited free rerolls
ceb7713	dev	2026-10-08 08:28 UTC	All troops move at the same speed (1 second per square)
697a54f	dev	2026-10-08 08:24 UTC	Units walk one square at a time, no diagonals, at a slower pace
ddc8c92	dev	2026-10-08 08:21 UTC	Apply updated ranges; Decidueye's Super reaches the whole board
d4fed02	dev	2026-10-08 08:14 UTC	Use the design-sheet stats for leaders and troops
68173d0	dev	2026-10-08 07:45 UTC	Team building, personal pools, 3-slot shop and copy-based stars
1bea2c1	dev	2026-10-08 07:15 UTC	Add Mawile: the first 1-cost Pokémon, a close-range bruiser
e41ac72	dev	2026-10-08 07:03 UTC	Add Vespiquen: 2-cost mid-range troop with Attack Order
a377428	dev	2026-10-08 06:56 UTC	Slow combat to real time and add attack effects
82bc3f1	dev	2026-10-08 06:51 UTC	Stop sprites walking while waiting; shrink board sprites 15%
